team_id,team,year,wins,losses,win_%,singles,doubles,triples,home_runs,walks,sac_fly,sac_bunt,strikeouts,outs,r_o_error,runs,plate_appearances,hits,ab,sing/pa,doub/pa,trip/pa,hr/pa,avg,obs,slugging,ops,so_%,hr_%,walk_%,hits_to_run
201501,chn,2015,97,65,0.5987654320987654,819,286,37,134,455,30,35,1431,2298,69,608,5589,1276,5005,0.14653784219001612,0.051171944891751656,0.006620146716765074,0.023975666487743783,0.2549450549450549,0.317032967032967,0.4071928071928072,0.7224933536408946,0.2560386473429952,0.023975666487743783,0.08140991232778673,2.098684210526316
201502,sea,2015,77,85,0.47530864197530864,941,285,23,181,564,35,32,1285,2449,55,725,5853,1430,5164,0.1607722535451905,0.0486929779600205,0.0039296087476507775,0.03092431231846916,0.2769171185127808,0.3481145251396648,0.44616576297443844,0.7921661100159099,0.21954553220570647,0.03092431231846916,0.09636084059456688,1.9724137931034482
201503,mia,2015,71,91,0.4382716049382716,926,278,29,141,560,55,50,1152,2397,36,678,5629,1374,4923,0.16450524071771186,0.04938710250488541,0.005151891987919701,0.02504885414816131,0.2790981109079829,0.3527266095203356,0.43327239488117003,0.782495941287815,0.20465446793391368,0.02504885414816131,0.09948481080120802,2.0265486725663715
201504,tba,2015,80,82,0.49382716049382713,888,232,19,175,525,40,27,1357,2389,54,642,5719,1314,5060,0.1552719006819374,0.040566532610596256,0.0033222591362126247,0.030599755201958383,0.25968379446640316,0.3292748433303492,0.416798418972332,0.7437317523056654,0.23727924462318586,0.030599755201958383,0.09179926560587515,2.046728971962617
201505,phi,2015,63,99,0.3888888888888889,1068,300,33,191,552,41,46,1153,2429,71,809,5879,1592,5174,0.18166354822248681,0.05102908657935023,0.005613199523728525,0.032488518455519644,0.3076923076923077,0.37443241355221796,0.4891766524932354,0.8609470703881548,0.19612178941996938,0.032488518455519644,0.09389351930600442,1.9678615574783684
201506,kca,2015,95,67,0.5864197530864198,916,262,39,155,541,44,28,1160,2555,43,641,5759,1372,5087,0.1590553915610349,0.045494009376627884,0.006772009029345372,0.026914394860218786,0.26970709652054253,0.339907604832978,0.4279536072341262,0.7652244111833505,0.20142385830873416,0.026914394860218786,0.09393992012502171,2.140405616224649
201507,hou,2015,86,76,0.5308641975308642,871,252,37,148,466,38,27,1280,2444,48,618,5622,1308,5032,0.15492707221629312,0.044823906083244394,0.006581287797936678,0.02632515119174671,0.2599364069952305,0.3226627864678065,0.4129570747217806,0.7334050516003934,0.22767698327997155,0.02632515119174671,0.08288865172536464,2.116504854368932
201508,mil,2015,68,94,0.41975308641975306,936,287,33,176,574,42,48,1260,2316,57,737,5723,1432,5008,0.16355058535733008,0.05014852350165997,0.005766206535034073,0.030753101520181722,0.28594249201277955,0.3593694016481548,0.4618610223642173,0.8185466553656398,0.2201642495194828,0.030753101520181722,0.10029704700331994,1.9430122116689281
201509,det,2015,74,87,0.45962732919254656,958,280,60,193,535,44,44,1100,2550,55,803,5819,1491,5141,0.1646330984705276,0.04811823337343186,0.010311050008592542,0.03316721086097268,0.29002139661544446,0.3569415081042988,0.48045127407119237,0.8346470782669966,0.1890359168241966,0.03316721086097268,0.09194019590995016,1.8567870485678706
201510,was,2015,83,79,0.5123456790123457,953,239,29,145,420,37,52,1344,2267,49,635,5520,1366,4977,0.1726449275362319,0.043297101449275364,0.005253623188405797,0.026268115942028984,0.27446252762708456,0.33092458773392625,0.4215390797669279,0.7502104084382566,0.24347826086956523,0.026268115942028984,0.07608695652173914,2.1511811023622047
201511,cin,2015,65,97,0.4012345679012346,917,317,25,177,602,45,62,1253,2343,55,753,5779,1436,5032,0.1586779719674684,0.054853780930956914,0.004326007959854646,0.030628136355770896,0.28537360890302066,0.3617323393681221,0.4638314785373609,0.8226974760721382,0.21681951894791487,0.030628136355770896,0.10417027167329988,1.907038512616202
201512,lan,2015,91,71,0.5617283950617284,923,229,20,145,433,29,37,1397,2320,44,595,5569,1317,5034,0.16573891183336326,0.04112048841802837,0.003591309032142216,0.026036990483031066,0.26162097735399287,0.3201024327784891,0.4014700039729837,0.7198833955304801,0.2508529358951338,0.026036990483031066,0.07775184054587897,2.2134453781512606
201513,ari,2015,79,83,0.4876543209876543,920,318,30,182,550,45,44,1216,2475,53,713,5834,1450,5141,0.1576962632841961,0.054508056222146044,0.005142269454919438,0.031196434693177923,0.2820462944952344,0.3514320857494289,0.4617778642287493,0.8104528990962527,0.20843332190606786,0.031196434693177923,0.09427494000685636,2.0336605890603088
201514,oak,2015,68,94,0.41975308641975306,951,266,13,172,521,51,34,1179,2463,75,729,5742,1402,5044,0.16562173458725182,0.04632532218739115,0.0022640195053988156,0.029954719609892023,0.2779540047581285,0.34555256064690026,0.4381443298969072,0.7805588598114371,0.20532915360501566,0.029954719609892023,0.09073493556252177,1.9231824417009602
201515,nya,2015,87,75,0.5370370370370371,949,260,25,182,531,38,31,1371,2409,55,698,5858,1416,5196,0.16200068282690339,0.04438374871969956,0.004267668146124957,0.031068624103789688,0.27251732101616627,0.3399685699319015,0.4372594303310239,0.7749870972867914,0.23403892113349267,0.031068624103789688,0.0906452714236941,2.0286532951289398
201516,sdn,2015,74,88,0.4567901234567901,882,268,50,171,571,38,44,1394,2241,50,731,5703,1371,5006,0.1546554445028932,0.046992810801332635,0.00876731544800982,0.02998421883219358,0.2738713543747503,0.34821588667742515,0.44986016779864163,0.7957194732305205,0.24443275469051376,0.02998421883219358,0.10012274241627214,1.8755129958960328
201517,col,2015,67,95,0.41358024691358025,992,363,41,183,628,40,57,1113,2425,52,844,5877,1579,5117,0.16879360217798198,0.061766207248596224,0.006976348477114174,0.031138335885655948,0.30857924565174905,0.38416013925152304,0.5028336916161814,0.8843375809852393,0.18938233792751405,0.031138335885655948,0.10685724008848052,1.8708530805687205
201518,cle,2015,82,79,0.5093167701863354,827,254,31,161,473,31,26,1408,2267,45,639,5528,1273,4948,0.14960202604920406,0.0459479015918958,0.00560781476121563,0.029124457308248915,0.2572756669361358,0.32208079690094077,0.41875505254648343,0.7390045022896969,0.25470332850940663,0.029124457308248915,0.0855643994211288,1.9921752738654148
201519,tex,2015,89,73,0.5493827160493827,968,280,40,171,575,50,22,1095,2526,70,732,5825,1459,5080,0.16618025751072962,0.048068669527897,0.0068669527896995704,0.029356223175965666,0.28720472440944883,0.3596816976127321,0.4590551181102362,0.815584478320578,0.18798283261802576,0.029356223175965666,0.09871244635193133,1.9931693989071038
201520,ana,2015,83,79,0.5123456790123457,897,273,19,166,537,49,42,1222,2422,60,675,5694,1355,4999,0.15753424657534246,0.04794520547945205,0.0033368458025992273,0.029153494906919566,0.2710542108421684,0.3417630057803468,0.4328865773154631,0.7716511252116135,0.2146118721461187,0.029153494906919566,0.09430979978925184,2.0074074074074075
201521,cha,2015,76,86,0.4691358024691358,970,272,39,162,538,43,42,1360,2332,58,701,5817,1443,5135,0.16675262162626783,0.04675949802303593,0.006704486848891181,0.02784940691077875,0.2810126582278481,0.34919795522651154,0.44381694255111975,0.7903879712425124,0.23379749011517964,0.02784940691077875,0.09248753653085783,2.05848787446505
201522,atl,2015,67,95,0.41358024691358025,974,285,33,170,605,44,56,1149,2422,53,760,5779,1462,5033,0.168541270115937,0.04931649074234297,0.005710330507008133,0.029416854127011595,0.29048281343135307,0.36661936857041505,0.46155374528114446,0.8253341043096555,0.19882332583491955,0.029416854127011595,0.10468939262848244,1.9236842105263159
201523,bal,2015,81,81,0.5,892,317,23,174,538,44,24,1236,2439,42,693,5749,1406,5081,0.15515741868150984,0.05514002435206123,0.004000695773177944,0.030266133240563577,0.2767171816571541,0.3459690336358783,0.4508954930131864,0.7941764395079771,0.214993911984693,0.030266133240563577,0.0935814924334667,2.028860028860029
201524,sfn,2015,84,78,0.5185185185185185,892,246,51,155,481,34,31,1167,2507,40,627,5607,1344,5018,0.1590868557160692,0.043873729266987696,0.00909577314071696,0.027644016408061352,0.26783579115185335,0.3318785233678851,0.4298525308888003,0.7596916778253627,0.2081326912787587,0.027644016408061352,0.08578562511146781,2.1435406698564594
201525,pit,2015,98,64,0.6049382716049383,1001,257,24,110,529,33,38,1341,2478,71,596,5877,1392,5211,0.17032499574612897,0.0437297941126425,0.00408371618172537,0.018717032499574612,0.2671272308578008,0.33466898954703833,0.38898483976204185,0.7217407725526187,0.22817764165390506,0.018717032499574612,0.09001191083886337,2.335570469798658
201526,min,2015,83,79,0.5123456790123457,1023,295,25,163,454,41,42,1050,2573,50,700,5715,1506,5129,0.17900262467191602,0.051618547681539804,0.004374453193350831,0.02852143482064742,0.29362448820432835,0.3510657352677772,0.45622928446090855,0.8047356855988886,0.1837270341207349,0.02852143482064742,0.0794400699912511,2.1514285714285712
201527,sln,2015,100,62,0.6172839506172839,970,240,26,123,522,28,66,1329,2403,57,525,5726,1359,5091,0.16940272441494936,0.041914076143904994,0.0045406915822563745,0.021480964023751308,0.26694166175604006,0.3351149118118653,0.39677862895305444,0.7302301446417621,0.2320991966468739,0.021480964023751308,0.09116311561299337,2.5885714285714285
201528,nyn,2015,90,72,0.5555555555555556,931,235,23,152,428,38,63,1337,2422,58,613,5662,1341,5100,0.1644295302013423,0.04150476863299188,0.0040621688449311195,0.026845637583892617,0.26294117647058823,0.32000723589001445,0.4074509803921569,0.7252734741039787,0.23613564111621335,0.026845637583892617,0.07559166372306605,2.1876019575856445
201529,tor,2015,93,69,0.5740740740740741,883,267,30,173,458,49,25,1119,2546,53,670,5627,1353,5018,0.1569219832948285,0.047449795628221075,0.005331437711036076,0.03074462413364137,0.26962933439617376,0.3307158509861213,0.43822239936229573,0.7660052047921599,0.19886262662164564,0.03074462413364137,0.08139328238848409,2.0194029850746267
201530,bos,2015,78,84,0.48148148148148145,977,299,32,178,541,36,23,1219,2524,59,753,5901,1486,5229,0.1655651584477207,0.0506693780715133,0.0054228096932723265,0.03016437891882732,0.2841843564735131,0.3512998266897747,0.45572767259514246,0.8048492709416806,0.2065751567530927,0.03016437891882732,0.09167937637688528,1.9734395750332006
201601,chn,2016,103,59,0.6358024691358025,742,205,15,163,558,34,31,1441,2297,55,556,5544,1125,4863,0.13383838383838384,0.036976911976911976,0.0027056277056277055,0.0294011544011544,0.2313386798272671,0.3104593248478141,0.3802179724449928,0.6887422620875225,0.25992063492063494,0.0294011544011544,0.10064935064935066,2.023381294964029
201602,sea,2016,87,75,0.5370370370370371,901,273,23,213,515,35,23,1320,2428,59,706,5802,1410,5158,0.1552912788693554,0.04705274043433299,0.003964150293002413,0.03671147880041365,0.2733617681271811,0.3393266349374229,0.45909267157813105,0.7963386421457554,0.22750775594622544,0.03671147880041365,0.08876249569114099,1.9971671388101984
201603,mia,2016,80,81,0.4968944099378882,919,256,31,152,658,50,48,1379,2250,38,681,5783,1358,4987,0.15891405844717274,0.04426768113435933,0.005360539512363825,0.02628393567352585,0.27230800080208545,0.3571302037201063,0.4275115299779427,0.7815062621991894,0.23845754798547467,0.02628393567352585,0.11378177416565796,1.9941262848751835
201604,tba,2016,68,94,0.41975308641975306,943,233,9,210,526,47,33,1357,2361,50,713,5783,1395,5113,0.16306415355351894,0.040290506657444235,0.0015562856648798202,0.03631333218052914,0.27283395266966554,0.3406632381627948,0.4451398396244866,0.7829871839790417,0.23465329413799066,0.03631333218052914,0.09095625108075393,1.9565217391304348
201605,phi,2016,71,91,0.4382716049382716,914,308,33,213,519,55,49,1299,2342,52,796,5790,1468,5109,0.15785837651122625,0.05319516407599309,0.005699481865284974,0.03678756476683938,0.2873360735956156,0.35305614783226724,0.48561362301820316,0.8352528980489967,0.22435233160621762,0.03678756476683938,0.08963730569948186,1.8442211055276383
201606,kca,2016,80,82,0.49382716049382713,958,248,21,206,578,38,30,1289,2463,49,712,5888,1433,5185,0.16270380434782608,0.042119565217391304,0.0035665760869565215,0.034986413043478264,0.276374156219865,0.3489501995488461,0.4514946962391514,0.7981590644515286,0.21891983695652173,0.034986413043478264,0.09816576086956522,2.0126404494382024
201607,hou,2016,84,78,0.5185185185185185,898,320,42,181,494,30,18,1396,2426,46,701,5863,1441,5263,0.15316390926147025,0.054579566774688726,0.007163568139177895,0.03087156745693331,0.2737982139464184,0.33611255862428346,0.45373361200836027,0.788103751977256,0.23810336005457958,0.03087156745693331,0.08425720620842572,2.055634807417974
201608,mil,2016,74,88,0.4567901234567901,943,293,36,178,598,39,40,1177,2424,71,732,5798,1450,5051,0.16264229044498102,0.05053466712659538,0.006209037599172128,0.030700241462573302,0.28707186695703824,0.3625420428394406,0.4650564244704019,0.8251126832608379,0.20300103483959986,0.030700241462573302,0.1031390134529148,1.9808743169398908
201609,det,2016,85,76,0.5279503105590062,943,250,42,182,513,53,25,1232,2491,35,721,5794,1417,5140,0.16275457369692786,0.043148084225060404,0.007248878149810148,0.03141180531584398,0.2756809338521401,0.34141163983725453,0.44688715953307395,0.7851276081836173,0.2126337590610977,0.03141180531584398,0.08853986882982395,1.9653259361997226
201610,was,2016,95,67,0.5864197530864198,838,252,27,155,526,28,52,1477,2252,43,612,5626,1272,5001,0.14895129754710273,0.04479203697120512,0.004799146818343406,0.027550657660860293,0.2543491301739652,0.32531210421566853,0.40851829634073183,0.7321906635774555,0.26253110558123,0.027550657660860293,0.09349448986846783,2.0784313725490198
201611,cin,2016,68,94,0.41975308641975306,921,261,18,258,716,33,54,1244,2335,59,853,5878,1458,5037,0.1566859476012249,0.044402858115005106,0.003062266076896904,0.04389248043552229,0.28945801072066707,0.37788979662784633,0.5020845741512805,0.8778191057793483,0.21163661109220824,0.04389248043552229,0.1218101395032324,1.70926143024619
201612,lan,2016,91,71,0.5617283950617284,850,225,26,165,519,30,35,1511,2268,36,638,5660,1266,5045,0.1501766784452297,0.03975265017667844,0.004593639575971731,0.029151943462897525,0.25094152626362737,0.3208123652048886,0.4039643211100099,0.7230562052716116,0.26696113074204947,0.029151943462897525,0.09169611307420494,1.9843260188087775
201613,ari,2016,68,94,0.41975308641975306,986,337,38,202,660,41,42,1319,2374,53,890,6051,1563,5256,0.16294827301272516,0.05569327383903487,0.006279953726656751,0.033382911915385886,0.2973744292237443,0.3757606490872211,0.491248097412481,0.8644225140651585,0.21798049909105932,0.033382911915385886,0.10907288051561725,1.756179775280899
201614,oak,2016,69,93,0.42592592592592593,971,277,26,185,516,46,21,1190,2469,62,761,5788,1459,5118,0.16776088458880442,0.04785763648928818,0.004492052522460262,0.031962681409813405,0.28507229386479094,0.35055023074192404,0.4577960140679953,0.8055072816736291,0.20559778852798893,0.031962681409813405,0.08914996544574982,1.9172141918528252
201615,nya,2016,83,79,0.5123456790123457,843,279,22,214,502,21,21,1394,2358,50,702,5704,1358,5110,0.14779102384291726,0.04891304347826087,0.0038569424964936885,0.03751753155680224,0.26575342465753427,0.33143264433357095,0.4545988258317025,0.7847958789117665,0.2443899018232819,0.03751753155680224,0.08800841514726508,1.9344729344729346
201616,sdn,2016,68,94,0.41975308641975306,923,275,44,183,626,39,27,1223,2447,67,769,5866,1425,5095,0.1573474258438459,0.04688032730992158,0.007500852369587453,0.03119672690078418,0.27968596663395484,0.358503758084251,0.458684985279686,0.8147613741685749,0.20848960109103307,0.03119672690078418,0.10671667234913058,1.8530559167750325
201617,col,2016,75,87,0.46296296296296297,988,312,51,181,621,35,49,1226,2392,51,860,5892,1532,5150,0.16768499660556688,0.05295315682281059,0.008655804480651732,0.030719619823489478,0.2974757281553398,0.3730722578409288,0.48330097087378643,0.8541242571293841,0.20807875084860827,0.030719619823489478,0.10539714867617107,1.7813953488372094
201618,cle,2016,94,67,0.5838509316770186,830,287,27,186,495,30,27,1398,2328,56,676,5667,1330,5056,0.14646197282512793,0.050644079760014116,0.004764425622022234,0.0328215987294865,0.26305379746835444,0.328769591064673,0.4408623417721519,0.7678646711038128,0.2466913710958179,0.0328215987294865,0.08734780307040763,1.967455621301775
201619,tex,2016,96,66,0.5925925925925926,958,260,22,201,587,41,19,1154,2505,61,756,5830,1441,5100,0.16432246998284733,0.044596912521440824,0.0037735849056603774,0.034476843910806174,0.2825490196078431,0.3566027782662212,0.4603921568627451,0.814442436192354,0.19794168096054887,0.034476843910806174,0.1006861063464837,1.906084656084656
201620,ana,2016,74,88,0.4567901234567901,977,275,20,208,555,48,22,1138,2461,49,727,5779,1480,5079,0.16906039107111956,0.04758608755840111,0.003460806367883717,0.03599238622599066,0.291395944083481,0.36119985800496984,0.4762748572553652,0.8344233965021093,0.19691988233258348,0.03599238622599066,0.09603737670877315,2.0357634112792296
201621,cha,2016,78,84,0.48148148148148145,922,290,25,185,593,48,29,1270,2425,47,715,5853,1422,5117,0.15752605501452246,0.04954724073124893,0.004271313856142149,0.0316077225354519,0.27789720539378543,0.35288966725043786,0.4528043775649795,0.8027522761408739,0.21698274389202118,0.0316077225354519,0.10131556466769179,1.9888111888111888
201622,atl,2016,68,93,0.422360248447205,927,263,47,177,617,50,52,1228,2425,56,779,5840,1414,5067,0.15873287671232877,0.04503424657534247,0.008047945205479452,0.030308219178082192,0.2790605881192027,0.35731878958479946,0.4543122163015591,0.8085152159527624,0.21027397260273972,0.030308219178082192,0.10565068493150685,1.8151476251604621
201623,bal,2016,88,74,0.5432098765432098,898,309,18,183,600,38,17,1248,2438,45,715,5815,1408,5094,0.15442820292347378,0.053138435081685295,0.0030954428202923474,0.03147033533963887,0.276403612092658,0.35265191429574994,0.4519042010208088,0.8022182275386036,0.21461736887360275,0.03147033533963887,0.10318142734307825,1.9692307692307693
201624,sfn,2016,88,74,0.5432098765432098,872,262,42,158,485,33,40,1311,2449,44,630,5689,1334,5094,0.15327825628405695,0.04605378801195289,0.007382668307259624,0.027772895060643347,0.2618767177071064,0.32604409392364225,0.42285041224970554,0.7469772832404397,0.23044471787660398,0.027772895060643347,0.0852522411671647,2.1174603174603175
201625,pit,2016,78,84,0.48148148148148145,948,322,40,180,603,46,64,1233,2418,70,758,5906,1490,5141,0.16051473078225534,0.05452082627836099,0.006772773450728073,0.03047748052827633,0.28982688192958567,0.3643802228412256,0.4730597160085587,0.8345450355249663,0.20877074161869286,0.03047748052827633,0.1020995597697257,1.9656992084432718
201626,min,2016,60,102,0.37037037037037035,1040,326,30,221,520,46,26,1194,2490,68,888,5981,1617,5301,0.17388396589199132,0.054505935462297275,0.005015883631499749,0.03695034275204815,0.3050367855121675,0.3671190517093283,0.5029239766081871,0.8671646447520426,0.19963216853369,0.03695034275204815,0.08694198294599566,1.820945945945946
201627,sln,2016,86,76,0.5308641975308642,973,278,22,159,527,44,38,1291,2425,69,712,5832,1432,5148,0.16683813443072704,0.04766803840877915,0.0037722908093278463,0.02726337448559671,0.27816627816627815,0.34519823788546256,0.43337218337218336,0.7759145858901061,0.22136488340192043,0.02726337448559671,0.09036351165980795,2.0112359550561796
201628,nyn,2016,87,75,0.5370370370370371,958,258,29,152,474,44,55,1398,2281,57,617,5695,1397,5076,0.16821773485513608,0.04530289727831431,0.005092186128182617,0.0266900790166813,0.2752167060677699,0.3371171171171171,0.42730496453900707,0.7617704632876664,0.24547848990342405,0.0266900790166813,0.08323090430201932,2.2641815235008105
201629,tor,2016,89,73,0.5493827160493827,864,269,24,183,521,33,13,1315,2517,51,665,5810,1340,5172,0.1487091222030981,0.046299483648881236,0.004130808950086058,0.031497418244406196,0.2590873936581593,0.3268926752151765,0.4265274555297757,0.7515361876289723,0.22633390705679862,0.031497418244406196,0.08967297762478485,2.0150375939849625
201630,bos,2016,93,69,0.5740740740740741,892,251,23,176,555,35,24,1363,2404,49,694,5783,1342,5109,0.1542452014525333,0.04340307798720387,0.003977174476915096,0.03043403077987204,0.26267371305539244,0.3349223163841808,0.42415345468780585,0.7570188696728909,0.23569081791457722,0.03043403077987204,0.09597094933425558,1.9337175792507204
201701,chn,2017,92,70,0.5679012345679012,833,250,17,194,621,29,28,1439,2233,53,694,5698,1294,4966,0.14619164619164618,0.04387504387504387,0.0029835029835029833,0.03404703404703405,0.2605718888441402,0.3427599785215679,0.43495771244462345,0.7759477409346519,0.25254475254475256,0.03404703404703405,0.10898560898560898,1.8645533141210375
201702,sea,2017,77,85,0.47530864197530864,888,262,12,237,546,58,24,1245,2392,61,772,5759,1399,5036,0.15419343636047925,0.045494009376627884,0.0020836950859524223,0.04115297794756034,0.2777998411437649,0.34844141884629165,0.47577442414614773,0.8206325801745166,0.2161833651675638,0.04115297794756034,0.09480812641083522,1.8121761658031088
201703,mia,2017,77,85,0.47530864197530864,940,280,37,193,702,43,59,1202,2450,36,822,5926,1450,5102,0.15862301721228483,0.04724940938238272,0.006243671954100574,0.0325683428957138,0.28420227361818895,0.37077877325982084,0.4670717365738926,0.8351237290486659,0.20283496456294298,0.0325683428957138,0.11846101923725953,1.7639902676399026
201704,tba,2017,80,82,0.49382716049382713,844,270,17,193,553,36,26,1352,2358,59,704,5718,1324,5034,0.14760405736271423,0.0472193074501574,0.002973067506121021,0.033753060510668065,0.2630115216527612,0.3359584750313227,0.4384187524831148,0.7722263285101466,0.23644630989856594,0.033753060510668065,0.09671213711087794,1.8806818181818181
201705,phi,2017,66,96,0.4074074074074074,926,296,28,221,591,46,37,1311,2364,39,782,5868,1471,5146,0.1578050443081118,0.050443081117927745,0.004771642808452625,0.037661895023858215,0.28585308977846874,0.3594213003311835,0.48309366498251066,0.8396560028694205,0.22341513292433537,0.037661895023858215,0.10071574642126789,1.881074168797954
201706,kca,2017,80,82,0.49382716049382713,970,274,40,196,571,45,21,1218,2480,49,791,5888,1480,5178,0.16474184782608695,0.04653532608695652,0.006793478260869565,0.03328804347826087,0.2858246427191966,0.356757696990781,0.46774816531479335,0.8217350482971889,0.20686141304347827,0.03328804347826087,0.09697690217391304,1.8710493046776233
201707,hou,2017,101,61,0.6234567901234568,806,293,23,192,598,20,17,1593,2196,53,700,5794,1314,5103,0.13910942354159475,0.0505695547117708,0.003969623748705558,0.03313772868484639,0.25749559082892415,0.335379757937204,0.4368018812463257,0.7710091876612881,0.2749395926820849,0.03313772868484639,0.1032102174663445,1.8771428571428572
201708,mil,2017,84,78,0.5185185185185185,891,276,29,185,617,29,39,1347,2345,64,697,5812,1381,5073,0.15330350997935308,0.047487955953200274,0.004989676531314522,0.031830695113558155,0.2722255075891977,0.3511423550087873,0.44746698206189633,0.7968287585962555,0.2317618719889883,0.031830695113558155,0.10615966964900206,1.981348637015782
201709,det,2017,64,98,0.3950617283950617,1044,290,35,218,600,61,15,1202,2370,45,894,5926,1587,5159,0.176172797840027,0.04893688828889639,0.00590617617279784,0.03678704016199798,0.3076177553789494,0.379753429414829,0.504167474316728,0.8799406701930167,0.20283496456294298,0.03678704016199798,0.10124873439082012,1.7751677852348993
201710,was,2017,97,65,0.5987654320987654,845,243,23,189,556,31,35,1459,2297,43,672,5717,1300,5056,0.14780479272345637,0.042504810215147806,0.004023089032709463,0.03305929683400385,0.25712025316455694,0.33071988595866003,0.4264240506329114,0.7553271163780824,0.25520377820535245,0.03305929683400385,0.09725380444288963,1.9345238095238095
201711,cin,2017,70,92,0.43209876543209874,857,315,22,248,710,48,52,1300,2336,48,867,5932,1442,5078,0.14447066756574511,0.05310182063385031,0.0037086985839514496,0.041807147673634526,0.2839700669554943,0.37180373185901866,0.5011815675462781,0.8699272837902808,0.2191503708698584,0.041807147673634526,0.11968981793661497,1.66320645905421
201712,lan,2017,104,58,0.6419753086419753,793,229,20,184,484,22,39,1549,2175,55,580,5533,1226,4950,0.14332188686065425,0.04138803542382071,0.0036146755828664378,0.03325501536237123,0.2476767676767677,0.3146853146853147,0.41353535353535353,0.7269517758227436,0.27995662389300563,0.03325501536237123,0.0874751491053678,2.113793103448276
201713,ari,2017,93,69,0.5740740740740741,828,276,34,171,556,36,36,1484,2272,62,659,5755,1309,5065,0.14387489139878368,0.04795829713292789,0.005907906168549088,0.029713292788879235,0.25844027640671274,0.3317914961750578,0.42764067127344524,0.757320713698759,0.2578627280625543,0.029713292788879235,0.09661164205039097,1.9863429438543247
201714,oak,2017,76,86,0.4691358024691358,906,300,28,210,567,44,17,1202,2405,76,825,5782,1444,5051,0.15669318574887584,0.051885160843998614,0.004842615012106538,0.03631961259079903,0.2858839833696298,0.3579565681737273,0.48109285290041576,0.8362677027767845,0.2078865444482878,0.03631961259079903,0.09806295399515738,1.7503030303030302
201715,nya,2017,91,71,0.5617283950617284,801,243,12,192,561,30,18,1560,2238,56,660,5723,1248,5046,0.13996155862309978,0.04246024812161454,0.0020968023763760267,0.03354883802201643,0.2473246135552913,0.32263242375601925,0.41438763376932225,0.7353030142908763,0.27258430892888347,0.03354883802201643,0.09802551109557925,1.8909090909090909
201716,sdn,2017,71,91,0.4382716049382716,893,275,23,226,629,34,32,1327,2330,58,816,5829,1417,5074,0.1531995196431635,0.047177903585520674,0.00394578829987991,0.03877165894664608,0.27926685061095785,0.3587585481325618,0.47615293653921953,0.8327853228038178,0.22765482930176703,0.03877165894664608,0.10790873220106365,1.7365196078431373
201717,col,2017,87,75,0.5370370370370371,923,290,50,190,584,42,49,1270,2378,33,757,5802,1453,5101,0.15908307480179248,0.04998276456394347,0.008617718028266115,0.03274732850741124,0.28484610860615567,0.358311345646438,0.47304450107821994,0.8287281050593619,0.21889003791795933,0.03274732850741124,0.10065494657014823,1.9194187582562747
201718,cle,2017,102,60,0.6296296296296297,830,262,12,163,452,20,16,1615,2085,44,564,5503,1267,4967,0.15082682173359985,0.047610394330365256,0.0021806287479556605,0.029620207159731057,0.2550835514395007,0.3172171987451559,0.4111133480974431,0.7271640927196164,0.293476285662366,0.029620207159731057,0.08213701617299654,2.24645390070922
201719,tex,2017,78,84,0.48148148148148145,929,287,13,214,634,38,11,1107,2522,61,816,5843,1443,5072,0.15899366763648812,0.049118603457128186,0.002224884477152148,0.036625021393119975,0.2845031545741325,0.3640028040658955,0.4727917981072555,0.8343865056281469,0.18945747047749445,0.036625021393119975,0.10850590450111244,1.7683823529411764
201720,ana,2017,80,82,0.49382716049382713,867,265,17,224,516,30,24,1313,2338,38,709,5638,1373,5024,0.15377793543809862,0.04700248315005321,0.0030152536360411493,0.039730400851365734,0.27328821656050956,0.3409747292418773,0.46656050955414013,0.8056987501286464,0.2328840014189429,0.039730400851365734,0.09152181624689606,1.9365303244005643
201721,cha,2017,67,95,0.41358024691358025,834,275,32,242,702,37,14,1194,2406,75,820,5834,1383,4983,0.14295509084676036,0.04713747000342818,0.005485087418580734,0.0414809736030168,0.27754364840457557,0.36675461741424803,0.4912703190848886,0.855653401923057,0.20466232430579362,0.0414809736030168,0.12032910524511485,1.6865853658536585
201722,atl,2017,72,90,0.4444444444444444,909,326,36,192,654,36,53,1260,2412,53,821,5914,1463,5135,0.15370307744335476,0.055123435914778494,0.00608725059181603,0.03246533648968549,0.2849074975657254,0.36569355674555193,0.4745861733203505,0.8380196497152003,0.21305377071356105,0.03246533648968549,0.11058505241799121,1.781973203410475
201723,bal,2017,75,87,0.46296296296296297,953,293,17,242,639,48,17,1234,2416,48,841,5938,1505,5155,0.16049174806332098,0.04934321320309869,0.0028629168070057258,0.04075446278208151,0.29194956353055285,0.37003797031411806,0.4962172647914646,0.8632148683518891,0.20781407881441563,0.04075446278208151,0.10761199056921522,1.7895362663495837
201724,sfn,2017,64,98,0.3950617283950617,978,297,58,182,547,39,51,1236,2423,49,776,5848,1515,5174,0.16723666210670315,0.05078659370725034,0.009917920656634747,0.03112175102599179,0.29281020487050635,0.360426498863835,0.47816003092385,0.8361461420349612,0.21135430916552667,0.03112175102599179,0.09353625170998632,1.952319587628866
201725,pit,2017,75,87,0.46296296296296297,931,320,31,182,571,29,53,1265,2379,56,731,5793,1464,5108,0.1607112031762472,0.055239081650267564,0.00535128603486967,0.03141722768858968,0.28660924040720437,0.35833773551681636,0.4682850430696946,0.824802211955469,0.21836699464871395,0.03141722768858968,0.09856723631969619,2.002735978112175
201726,min,2017,85,77,0.5246913580246914,955,282,26,224,553,40,23,1166,2472,43,788,5801,1487,5125,0.16462678848474402,0.048612308222720224,0.004481985864506119,0.03861403206343734,0.2901463414634146,0.3592814371257485,0.4864390243902439,0.8432071251247665,0.2009998276159283,0.03861403206343734,0.09532839165661093,1.8870558375634519
201727,sln,2017,83,79,0.5123456790123457,917,262,31,183,561,45,40,1351,2334,56,705,5785,1393,5078,0.1585133967156439,0.0452895419187554,0.005358686257562662,0.03163353500432152,0.2743205986608901,0.3465153395992197,0.4462386766443482,0.790010668199591,0.2335350043215212,0.03163353500432152,0.09697493517718236,1.9758865248226951
201728,nyn,2017,70,92,0.43209876543209874,1017,278,23,220,648,53,49,1376,2317,59,863,6044,1538,5231,0.1682660489741893,0.04599602911978822,0.0038054268696227664,0.036399735274652546,0.29401644045115655,0.37183194420819865,0.4821257885681514,0.8506355660462364,0.22766379880873594,0.036399735274652546,0.10721376571806751,1.7821552723059095
201729,tor,2017,76,86,0.4691358024691358,921,310,26,203,598,38,14,1373,2427,52,784,5986,1460,5260,0.15385900434346808,0.051787504176411626,0.004343468092215168,0.033912462412295355,0.27756653992395436,0.3513144417890065,0.46216730038022813,0.8112175039080436,0.22936852656197795,0.033912462412295355,0.09989976612094888,1.8622448979591837
201730,bos,2017,93,69,0.5740740740740741,888,278,23,195,514,39,16,1580,2265,55,668,5876,1384,5229,0.15112321307011573,0.04731109598366236,0.003914227365554799,0.033185840707964605,0.2646777586536623,0.3304892913111614,0.43851596863645054,0.7667760862428151,0.2688904016337645,0.033185840707964605,0.08747447243022465,2.07185628742515
201801,chn,2018,95,68,0.5828220858895705,913,221,28,157,690,35,39,1335,2376,52,645,5842,1319,5030,0.156282095172886,0.03782951044162958,0.004792879150975694,0.02687435809654228,0.26222664015904573,0.3512237762237762,0.41093439363817097,0.7600221434209685,0.22851763094830538,0.02687435809654228,0.11811023622047244,2.0449612403100774
201802,sea,2018,88,74,0.5432098765432098,889,289,23,195,474,42,12,1328,2386,56,711,5724,1396,5110,0.1553109713487072,0.05048916841369672,0.004018169112508735,0.034067085953878404,0.2731898238747554,0.33488538681948427,0.4532289628180039,0.785614316532899,0.23200559049615654,0.034067085953878404,0.08280922431865828,1.9634317862165964
201803,mia,2018,63,98,0.391304347826087,864,309,23,192,678,48,38,1251,2436,39,809,5888,1388,5075,0.14673913043478262,0.05247961956521739,0.00390625,0.03260869565217391,0.2734975369458128,0.3591169824439423,0.45694581280788177,0.8130913049644065,0.21246603260869565,0.03260869565217391,0.11514945652173914,1.715698393077874
201804,tba,2018,90,72,0.5555555555555556,790,262,20,164,555,39,16,1422,2333,46,646,5670,1236,4991,0.13932980599647266,0.04620811287477954,0.003527336860670194,0.02892416225749559,0.2476457623722701,0.32293544897223225,0.4067321178120617,0.7274125117243267,0.2507936507936508,0.02892416225749559,0.09788359788359788,1.9133126934984521
201805,phi,2018,80,82,0.49382716049382713,871,292,32,171,564,45,39,1465,2258,63,728,5806,1366,5089,0.15001722356183259,0.050292800551153975,0.005511539786427834,0.029452290733723734,0.2684220868539988,0.34141163983725453,0.43918255059933187,0.7778978893146706,0.25232518084739924,0.029452290733723734,0.09714088873579056,1.8763736263736264
201806,kca,2018,58,104,0.35802469135802467,1030,271,36,205,601,57,23,1157,2433,43,833,5890,1542,5132,0.17487266553480477,0.04601018675721562,0.006112054329371817,0.03480475382003396,0.3004676539360873,0.37380080237223096,0.48713951675759937,0.857260414857772,0.19643463497453312,0.03480475382003396,0.10203735144312394,1.851140456182473
201807,hou,2018,103,59,0.6358024691358025,734,257,21,152,502,34,12,1687,2140,34,534,5595,1164,4991,0.13118856121537087,0.045933869526362824,0.0037533512064343165,0.027167113494191243,0.23321979563213785,0.3032951028581831,0.38449208575435784,0.6859214325971297,0.30151921358355677,0.027167113494191243,0.08972296693476318,2.1797752808988764
201808,mil,2018,96,67,0.588957055214724,807,239,40,173,616,41,42,1429,2264,57,659,5707,1259,4952,0.14140529174697739,0.041878394953565795,0.007008936393902225,0.030313649903627126,0.25424071082390953,0.33674568965517243,0.42346526655896605,0.7577494526884009,0.250394252672157,0.030313649903627126,0.10793762046609427,1.9104704097116845
201809,det,2018,63,99,0.3888888888888889,895,278,34,216,552,56,15,1216,2430,58,796,5791,1423,5069,0.15455016404766017,0.048005525815921254,0.005871179416335693,0.03729925746848558,0.2807259814559085,0.35136096779932396,0.4768198855790097,0.8247149005517065,0.20998100500777067,0.03729925746848558,0.09532032464168537,1.7876884422110553
201810,was,2018,82,80,0.5061728395061729,823,273,26,198,563,41,29,1418,2324,38,682,5745,1320,5062,0.1432550043516101,0.04751958224543081,0.004525674499564839,0.03446475195822454,0.26076649545634134,0.33475555555555553,0.44231529039905176,0.7746485060714838,0.24682332463011314,0.03446475195822454,0.09799825935596171,1.935483870967742
201811,cin,2018,67,95,0.41358024691358025,945,291,27,228,583,48,43,1258,2399,62,819,5889,1491,5148,0.16046867040244522,0.049414161996943456,0.004584819154355578,0.03871625063678044,0.2896270396270396,0.36189146745768624,0.48951048951048953,0.848396109860031,0.21361861096960436,0.03871625063678044,0.0989981321107149,1.8205128205128205
201812,lan,2018,93,70,0.5705521472392638,833,242,25,179,486,23,25,1567,2311,62,609,5751,1279,5157,0.14484437489132324,0.04207963832376978,0.004347070074769605,0.031125021735350374,0.24801241031607524,0.31277689172426015,0.4087647857281365,0.7202720218735654,0.27247435228655886,0.031125021735350374,0.08450704225352113,2.1001642036124797
201813,ari,2018,82,80,0.5061728395061729,861,259,19,174,581,33,29,1449,2359,43,644,5811,1313,5121,0.1481672689726381,0.04457064188607813,0.003269660987781793,0.029943211151264842,0.2563952353056044,0.3321641529287969,0.41632493653583286,0.7465777700144728,0.24935467217346413,0.029943211151264842,0.09998279125795904,2.0388198757763973
201814,oak,2018,96,66,0.5925925925925926,832,268,19,184,529,30,23,1239,2499,53,674,5683,1303,5041,0.1464015484779166,0.04715819109625198,0.00334330459264473,0.032377265528770016,0.2584804602261456,0.3289048473967684,0.4286847847649276,0.7558276419077847,0.21801865212035895,0.032377265528770016,0.09308463839521379,1.9332344213649852
201815,nya,2018,100,62,0.6172839506172839,828,293,13,177,552,29,17,1635,2199,48,669,5803,1311,5145,0.14268481819748405,0.050491125280027575,0.0022402205755643633,0.0305014647596071,0.2548104956268222,0.32701421800947866,0.42001943634596695,0.7453774524130294,0.28175081854213335,0.0305014647596071,0.09512321213165605,1.9596412556053813
201816,sdn,2018,66,96,0.4074074074074074,930,283,32,185,588,39,36,1403,2328,46,767,5873,1430,5161,0.15835177932913333,0.04818661672058573,0.0054486633747658775,0.03150008513536523,0.2770780856423174,0.3510175682727431,0.45185041658593295,0.8005028008291949,0.23888983483739146,0.03150008513536523,0.10011918951132301,1.8644067796610169
201817,col,2018,91,72,0.558282208588957,877,268,48,184,581,46,25,1409,2318,39,745,5816,1377,5104,0.15079092159559834,0.04607977991746905,0.008253094910591471,0.03163686382393398,0.2697884012539185,0.344415127528584,0.4492554858934169,0.7909061576784457,0.2422627235213205,0.03163686382393398,0.0998968363136176,1.8483221476510068
201818,cle,2018,91,71,0.5617283950617284,815,311,23,200,468,21,16,1548,2283,49,648,5739,1349,5180,0.14201080327583201,0.05419062554451995,0.004007666840913051,0.03484927687750479,0.26042471042471044,0.32170679886685555,0.4451737451737452,0.7656888271987937,0.2697334030318871,0.03484927687750479,0.08154730789336122,2.08179012345679
201819,tex,2018,67,95,0.41358024691358025,925,325,44,222,564,50,20,1122,2480,73,848,5855,1516,5118,0.15798462852263023,0.05550811272416738,0.007514944491887276,0.037916310845431254,0.29620945681906996,0.3660682858148539,0.5070339976553341,0.8699090848849224,0.19163108454312552,0.037916310845431254,0.09632792485055508,1.7877358490566038
201820,ana,2018,80,82,0.49382716049382713,873,256,19,205,614,33,14,1387,2270,42,722,5732,1353,5010,0.15230286113049546,0.044661549197487785,0.003314724354501047,0.03576413119330077,0.27005988023952093,0.34975106685633,0.45149700598802395,0.7992078067658214,0.2419748778785764,0.03576413119330077,0.10711793440334962,1.873961218836565
201821,cha,2018,62,100,0.38271604938271603,892,292,24,196,743,47,18,1260,2424,63,848,5988,1404,5088,0.14896459585838343,0.04876419505678023,0.004008016032064128,0.032732130928523714,0.2759433962264151,0.36820442462699365,0.4583333333333333,0.8235936259498696,0.21042084168336672,0.032732130928523714,0.12408149632598531,1.6556603773584906
201822,atl,2018,90,72,0.5555555555555556,809,248,26,153,688,35,39,1425,2284,42,657,5745,1236,4945,0.14081810269799827,0.04316797214969539,0.004525674499564839,0.026631853785900782,0.24994944388270982,0.3415586721107758,0.4034378159757331,0.7428873572601368,0.24804177545691905,0.026631853785900782,0.11975630983463882,1.8812785388127853
201823,bal,2018,47,115,0.29012345679012347,959,325,34,234,656,41,17,1204,2408,60,892,5962,1552,5164,0.1608520630660852,0.05451190875545119,0.0057027843005702785,0.03924857430392486,0.3005422153369481,0.37938144329896906,0.512587141750581,0.8893146626514511,0.20194565582019455,0.03924857430392486,0.11003019121100302,1.7399103139013452
201824,sfn,2018,73,89,0.4506172839506173,898,291,42,156,569,48,49,1269,2398,63,699,5782,1387,5054,0.15530958145970253,0.05032860601867866,0.007263922518159807,0.02698028363887928,0.2744360902255639,0.3478570158278499,0.4412346656113969,0.7861473794184856,0.21947423037011415,0.02698028363887928,0.09840885506745072,1.9842632331902719
201825,pit,2018,82,79,0.5093167701863354,893,287,26,174,566,35,37,1338,2324,67,693,5745,1380,5042,0.1554395126196693,0.04995648389904265,0.004525674499564839,0.030287206266318537,0.27370091233637445,0.3470042796005706,0.4444664815549385,0.7893185106174939,0.23289817232375978,0.030287206266318537,0.09852045256744996,1.9913419913419914
201826,min,2018,79,83,0.4876543209876543,921,280,26,198,653,49,25,1380,2340,49,774,5945,1425,5145,0.15492010092514719,0.04709840201850295,0.004373423044575274,0.033305298570227085,0.27696793002915454,0.35839944808554675,0.4569484936831876,0.812344423219702,0.2321278385197645,0.033305298570227085,0.10984020185029436,1.8410852713178294
201827,sln,2018,89,73,0.5493827160493827,942,242,26,144,660,48,55,1337,2359,75,690,5881,1354,5050,0.16017684067335486,0.041149464376806666,0.004421016833871791,0.024485631695289917,0.26811881188118813,0.3527145359019264,0.41188118811881186,0.761655415281021,0.22734228872640708,0.024485631695289917,0.11222581193674545,1.96231884057971
201828,nyn,2018,77,85,0.47530864197530864,914,241,24,185,555,40,42,1448,2349,53,707,5849,1364,5161,0.15626602838091982,0.04120362455120533,0.0041032655154727305,0.03162933834843563,0.26428986630497964,0.33572428271518545,0.42782406510366205,0.7612153090230506,0.24756368610018806,0.03162933834843563,0.09488801504530689,1.9292786421499293
201829,tor,2018,73,89,0.4506172839506173,911,325,32,208,621,47,18,1298,2409,55,832,5953,1476,5183,0.15303208466319504,0.05459432219049219,0.005375440954140769,0.034940366201915,0.28477715608720816,0.361302549965541,0.480223808605055,0.8386240820625837,0.21804132370233495,0.034940366201915,0.10431715101629431,1.7740384615384615
201830,bos,2018,108,54,0.6666666666666666,848,246,35,176,596,45,9,1560,2224,46,647,5821,1305,5089,0.1456794365229342,0.04226077993471912,0.0060127125923380865,0.030235354750042947,0.2564354490076636,0.3343887423043096,0.422283356258597,0.754046008963658,0.26799518982992615,0.030235354750042947,0.10238790585809998,2.017001545595054
201901,chn,2019,84,77,0.5217391304347826,885,265,25,192,611,49,29,1435,2234,48,708,5793,1367,5036,0.15277058518902123,0.045744864491627825,0.004315553253927153,0.033143448990160536,0.2714455917394758,0.35027448202585443,0.44837172359015093,0.7956329595452071,0.2477127567754186,0.033143448990160536,0.10547212152597964,1.9307909604519775
201902,sea,2019,65,94,0.4088050314465409,850,329,24,257,545,45,12,1212,2390,65,881,5762,1460,5062,0.14751822283929192,0.05709822978132593,0.004165220409580007,0.04460256855258591,0.2884235480047412,0.35758872837524525,0.5152113789016199,0.8699530632611386,0.21034363068379036,0.04460256855258591,0.09458521346754599,1.6572077185017027
201903,mia,2019,56,104,0.35,777,274,26,233,700,38,29,1358,2338,34,796,5816,1310,5006,0.13359697386519945,0.047111416781292985,0.004470426409903714,0.040061898211829435,0.26168597682780664,0.352260778128286,0.4664402716739912,0.8163706337909828,0.23349381017881707,0.040061898211829435,0.1203576341127923,1.6457286432160805
201904,tba,2019,96,65,0.5962732919254659,798,260,26,179,512,26,11,1603,2235,51,648,5716,1263,5101,0.13960811756473057,0.04548635409377187,0.004548635409377187,0.03131560531840448,0.2475985100960596,0.3162301799394263,0.41403646343854145,0.7288085861553352,0.2804408677396781,0.03131560531840448,0.08957312806158152,1.9490740740740742
201905,phi,2019,81,80,0.5031055900621118,919,247,23,255,617,39,46,1375,2273,45,790,5832,1444,5092,0.15757887517146776,0.04235253772290809,0.003943758573388203,0.04372427983539095,0.2835820895522388,0.36100893326326855,0.4913589945011783,0.8499184934573369,0.2357681755829904,0.04372427983539095,0.10579561042524005,1.8278481012658228
201906,kca,2019,58,103,0.36024844720496896,975,297,28,218,663,48,18,1218,2358,36,865,5889,1518,5094,0.16556291390728478,0.05043301069791136,0.004754627271183563,0.037018169468500596,0.29799764428739695,0.37884314747264203,0.4956811935610522,0.8713917878762977,0.20682628629648497,0.037018169468500596,0.11258278145695365,1.7549132947976878
201907,hou,2019,106,55,0.6583850931677019,719,228,21,228,488,30,11,1653,2184,28,635,5609,1196,5033,0.12818684257443394,0.040648957033339275,0.0037439828846496702,0.040648957033339275,0.23763163123385656,0.30501720702771234,0.4271806079872839,0.7305493703724397,0.29470493849170976,0.040648957033339275,0.08700303084328757,1.8834645669291339
201908,mil,2019,88,72,0.55,844,245,36,223,626,34,42,1457,2244,46,761,5789,1348,5049,0.14579374676109863,0.04232164449818621,0.006218690620141648,0.03852133356365521,0.26698356110120813,0.34784140969162997,0.4622697563874034,0.8080395934867203,0.2516842287096217,0.03852133356365521,0.10813612022801866,1.771353482260184
201909,det,2019,47,113,0.29375,945,313,44,249,602,46,25,1353,2320,49,910,5967,1551,5224,0.1583710407239819,0.05245517010222893,0.007373889726830903,0.04172951231774761,0.2968989280245023,0.36955029179539994,0.5166539050535988,0.8833092184050975,0.22674710910005028,0.04172951231774761,0.10088821853527735,1.7043956043956043
201910,was,2019,91,69,0.56875,828,277,18,200,570,37,26,1496,2231,38,716,5732,1323,5050,0.14445219818562458,0.04832519190509421,0.00314026517794836,0.034891835310537335,0.261980198019802,0.3368327402135231,0.4427722772277228,0.777401939592934,0.26099092812281927,0.034891835310537335,0.09944173063503141,1.8477653631284916
201911,cin,2019,74,87,0.45962732919254656,769,259,19,214,594,30,36,1543,2173,42,710,5673,1261,4977,0.13555438039837828,0.04565485633703508,0.0033491979552265115,0.03772254539044597,0.2533654812135825,0.3329743313588225,0.4420333534257585,0.7732242122009771,0.2719901286797109,0.03772254539044597,0.1047065044949762,1.776056338028169
201912,lan,2019,105,56,0.6521739130434783,750,239,24,185,457,36,29,1510,2235,54,613,5526,1198,4943,0.13572204125950055,0.04325009048136084,0.004343105320304018,0.0334781035106768,0.24236293748735585,0.30648148148148147,0.41270483512037226,0.7171566379165459,0.27325370973579444,0.0334781035106768,0.08269996380745566,1.9543230016313213
201913,ari,2019,84,77,0.5217391304347826,856,286,29,220,583,39,39,1416,2307,31,743,5806,1391,5114,0.14743368928694453,0.04925938684119876,0.004994832931450224,0.037891836031691356,0.27199843566679704,0.3464981569246972,0.46832225263981225,0.8124645120540382,0.24388563554943163,0.037891836031691356,0.10041336548398208,1.8721399730820996
201914,oak,2019,96,62,0.6075949367088608,852,240,23,195,523,39,24,1268,2399,43,659,5621,1310,4977,0.15157445294431596,0.04269702899839886,0.004091798612346558,0.03469133606119908,0.2632107695398835,0.3332727272727273,0.4382157926461724,0.7691419526028432,0.22558263654154065,0.03469133606119908,0.09304394235901085,1.9878603945371776
201915,nya,2019,103,58,0.639751552795031,822,275,18,248,550,35,7,1523,2241,38,733,5785,1363,5127,0.1420916162489196,0.04753673292999136,0.003111495246326707,0.042869490060501295,0.26584747415642673,0.33697375374317423,0.4716208308952604,0.8065297944806945,0.263267070008643,0.042869490060501295,0.09507346585998272,1.859481582537517
201916,sdn,2019,70,91,0.43478260869565216,850,298,22,215,530,34,43,1465,2253,46,788,5747,1385,5103,0.14790325387158518,0.05185314076909692,0.003828084217852793,0.03741082303810684,0.2714089751126788,0.3399609444345819,0.4648246129727611,0.8027459117198936,0.25491560814337916,0.03741082303810684,0.09222202888463546,1.7576142131979695
201917,col,2019,70,91,0.43478260869565216,935,322,44,268,638,43,42,1245,2403,50,955,5991,1569,5217,0.1560674344850609,0.05374728759806376,0.007344349858120514,0.044733767317643135,0.300747556066705,0.37694278394534586,0.5334483419589803,0.907642984210591,0.20781171757636455,0.044733767317643135,0.10649307294274746,1.6429319371727749
201918,cle,2019,92,68,0.575,753,310,20,204,504,30,17,1481,2200,41,646,5573,1287,4968,0.13511573658711645,0.0556253364435672,0.0035887313834559484,0.03660506011125067,0.25905797101449274,0.32730263157894735,0.4526972624798712,0.778215255936796,0.265745558944913,0.03660506011125067,0.09043603086308989,1.9922600619195046
201919,tex,2019,77,84,0.4782608695652174,930,309,32,240,655,50,19,1365,2298,41,877,5970,1511,5174,0.15577889447236182,0.05175879396984925,0.005360134003350084,0.04020100502512563,0.2920371086200232,0.37159032424086463,0.5032856590645536,0.8717156641674622,0.228643216080402,0.04020100502512563,0.10971524288107203,1.7229190421892817
201920,ana,2019,72,87,0.4528301886792453,821,273,28,261,645,41,12,1381,2259,39,849,5789,1383,5023,0.1418206944204526,0.0471584038694075,0.0048367593712212815,0.045085506996026946,0.27533346605614173,0.3577981651376147,0.496715110491738,0.8519436969341972,0.23855588184487822,0.045085506996026946,0.11141820694420453,1.6289752650176679
201921,cha,2019,71,89,0.44375,899,277,19,236,632,38,20,1301,2258,61,829,5759,1431,4990,0.15610349018926897,0.048098628234068415,0.003299183886091335,0.04097933669039764,0.2867735470941884,0.36695126289576663,0.4917835671342685,0.8562711996431025,0.22590727556867513,0.04097933669039764,0.10974127452682757,1.7261761158021713
201922,atl,2019,97,64,0.6024844720496895,931,249,23,200,618,25,39,1377,2297,38,736,5783,1403,5077,0.16098910600034583,0.04305723672834169,0.003977174476915096,0.034584125886218224,0.2763442978136695,0.35487269534679544,0.4526295056135513,0.8059511839352297,0.2381117067266125,0.034584125886218224,0.10686494898841432,1.90625
201923,bal,2019,54,107,0.33540372670807456,887,310,30,305,639,45,10,1235,2415,53,976,5964,1532,5182,0.14872568745808182,0.051978537894030855,0.005030181086519115,0.051140174379611,0.2956387495175608,0.37295997251331386,0.5436125048243922,0.9137113796965367,0.20707578806170354,0.051140174379611,0.10714285714285714,1.569672131147541
201924,sfn,2019,77,84,0.4782608695652174,877,241,37,226,574,32,41,1361,2375,49,764,5804,1381,5117,0.1511026878015162,0.04152308752584424,0.006374913852515506,0.03893866299104066,0.2698846980652726,0.34352486382006675,0.4639437170216924,0.80554777083962,0.2344934527911785,0.03893866299104066,0.0988973121984838,1.807591623036649
201925,pit,2019,69,92,0.42857142857142855,881,348,34,238,669,36,32,1434,2290,51,908,6017,1501,5225,0.14641848097058335,0.05783613096227356,0.005650656473325578,0.03955459531327904,0.2872727272727273,0.3681710213776722,0.5035406698564593,0.8694765889121086,0.2383247465514376,0.03955459531327904,0.1111849759016121,1.6530837004405285
201926,min,2019,101,60,0.6273291925465838,949,278,22,197,512,38,20,1454,2315,55,749,5858,1446,5215,0.16200068282690339,0.04745646978490953,0.0037555479685899623,0.03362922499146467,0.2772770853307766,0.3418892963156976,0.45234899328859063,0.7919847261593626,0.24820757937862753,0.03362922499146467,0.08740184363263913,1.930574098798398
201927,sln,2019,90,70,0.5625,823,241,19,190,610,36,26,1375,2302,30,658,5662,1273,4950,0.14535499823383963,0.04256446485340869,0.003355704697986577,0.03355704697986577,0.25717171717171716,0.33866906474820146,0.42868686868686867,0.7651772189370474,0.2428470505121865,0.03355704697986577,0.10773578240904275,1.9346504559270516
201928,nyn,2019,85,76,0.5279503105590062,889,286,19,200,558,35,35,1505,2248,47,731,5822,1394,5147,0.15269666781174854,0.04912401236688423,0.0032634833390587426,0.034352456200618345,0.27083738099863996,0.34215600350569675,0.4503594326792306,0.7904291190903805,0.258502232909653,0.034352456200618345,0.09584335279972518,1.9069767441860466
201929,tor,2019,66,95,0.40993788819875776,854,331,23,227,675,36,11,1314,2375,49,825,5920,1435,5124,0.14425675675675675,0.05591216216216216,0.0038851351351351354,0.03834459459459459,0.28005464480874315,0.36385583721331266,0.48653395784543324,0.8481449261402062,0.22195945945945947,0.03834459459459459,0.11402027027027027,1.7393939393939395
201930,bos,2019,83,78,0.515527950310559,858,318,26,215,681,38,18,1617,2218,40,824,6049,1417,5252,0.14184162671515954,0.0525706728384857,0.004298231112580592,0.035543064969416435,0.2698019801980198,0.3536153716500927,0.4630616907844631,0.8144266212818672,0.26731691188626217,0.035543064969416435,0.11258059183336089,1.7196601941747574
